filename,operator,plot,plant,whirl_id,Brnumber,color,line_raw_slope (N/m)
/home/seeterra/Desktop/sparks_root_pusher/data/1259/2019_9_27_16_3_47.csv,LE,Plot A,1,A,3,blue,312.9307137
/home/seeterra/Desktop/sparks_root_pusher/data/1259/2019_9_27_16_8_3.csv,LE,Plot A,2,A,3,blue,305.9929139
/home/seeterra/Desktop/sparks_root_pusher/data/1259/2019_9_27_16_11_20.csv,LE,Plot A,3,A,3,blue,351.4865628
/home/seeterra/Desktop/sparks_root_pusher/data/1259/2019_9_27_16_14_21.csv,LE,Plot A,4,A,2,blue,145.2476893
/home/seeterra/Desktop/sparks_root_pusher/data/1259/2019_9_27_16_16_20.csv,LE,Plot A,5,A,3,blue,257.5052302
/home/seeterra/Desktop/sparks_root_pusher/data/1259/2019_9_27_16_18_47.csv,LE,Plot A,6,A,3,blue,360.5438979
/home/seeterra/Desktop/sparks_root_pusher/data/1259/2019_9_27_16_21_59.csv,LE,Plot A,7,A,3,blue,389.2401486
/home/seeterra/Desktop/sparks_root_pusher/data/1259/2019_9_27_16_24_22.csv,LE,Plot A,8,A,3,blue,365.3009208
/home/seeterra/Desktop/sparks_root_pusher/data/1259/2019_9_27_16_27_1.csv,LE,Plot A,9,A,3,blue,327.7514059
/home/seeterra/Desktop/sparks_root_pusher/data/1259/2019_9_27_16_29_56.csv,LE,Plot A,10,A,3,blue,349.7660814
/home/seeterra/Desktop/sparks_root_pusher/data/1383/2019_9_27_15_29_30.csv,LE,Plot B,1,A,3,black,403.0630475
/home/seeterra/Desktop/sparks_root_pusher/data/1383/2019_9_27_15_34_16.csv,LE,Plot B,2,A,2,black,367.8023895
/home/seeterra/Desktop/sparks_root_pusher/data/1383/2019_9_27_15_36_50.csv,LE,Plot B,3,A,2,black,401.3941747
/home/seeterra/Desktop/sparks_root_pusher/data/1383/2019_9_27_15_38_50.csv,LE,Plot B,4,A,3,black,348.2002801
/home/seeterra/Desktop/sparks_root_pusher/data/1383/2019_9_27_15_42_33.csv,LE,Plot B,5,A,2,black,327.4409493
/home/seeterra/Desktop/sparks_root_pusher/data/1383/2019_9_27_15_44_25.csv,LE,Plot B,6,A,3,black,375.5758755
/home/seeterra/Desktop/sparks_root_pusher/data/1383/2019_9_27_15_48_4.csv,LE,Plot B,7,A,3,black,330.9756239
/home/seeterra/Desktop/sparks_root_pusher/data/1383/2019_9_27_15_53_42.csv,LE,Plot B,8,A,2,black,337.9854409
/home/seeterra/Desktop/sparks_root_pusher/data/1383/2019_9_27_15_56_18.csv,LE,Plot B,9,A,2,black,267.5042028
/home/seeterra/Desktop/sparks_root_pusher/data/1383/2019_9_27_15_58_29.csv,LE,Plot B,10,A,3,black,300.9320995
/home/seeterra/Desktop/sparks_root_pusher/data/1383/2019_9_27_16_1_46.csv,LE,Plot B,11,A,2,black,149.0750236